{
  "timestamp": "2025-11-01T20:18:28.113882",
  "samples": 5000,
  "warmup": 200,
  "malicious_rate": 0.2,
  "overall": {
    "mean_ms": 7.568137319770176,
    "p50_ms": 0.47989998711273074,
    "p90_ms": 41.549199988367036,
    "p99_ms": 53.183099982561544
  },
  "detected": {
    "count": 4192,
    "mean_ms": 0.48182344915209124,
    "p50_ms": 0.4602000117301941,
    "p90_ms": 0.6257999921217561,
    "p99_ms": 0.9651000145822763
  },
  "passed": {
    "count": 808,
    "mean_ms": 44.33277561881846,
    "p50_ms": 42.90699999546632,
    "p90_ms": 50.874399981694296,
    "p99_ms": 71.95139999384992
  }
}