{
  "timestamp": "2025-11-01T22:01:59.019488",
  "overall": {
    "n": 1020,
    "fp": 8,
    "fpr": 0.00784313725490196,
    "wilson95": [
      0.003979451824266048,
      0.015400108451464103
    ]
  },
  "classes": {
    "pure_doc": {
      "n": 303,
      "fp": 7,
      "fpr": 0.0231023102310231,
      "wilson95": [
        0.01123472098327646,
        0.04691124097233841
      ]
    },
    "doc_with_codefence": {
      "n": 717,
      "fp": 1,
      "fpr": 0.001394700139470014,
      "wilson95": [
        0.00024623492659395837,
        0.007857625893869232
      ]
    }
  }
}