{
  "input_file": "logs\\threshold_sweep\\evidence_based_threshold_98.jsonl",
  "dataset_file": "datasets\\core_suite_smoke.jsonl",
  "total_decisions": 50,
  "metrics": {
    "current": {
      "redteam_mean": 0.9028494550620667,
      "redteam_std": 0.10191431697251892,
      "redteam_min": 0.7874015748031497,
      "redteam_max": 1.0,
      "benign_mean": 0.9660010152086663,
      "benign_std": 0.07499769837721858,
      "benign_min": 0.7874015748031497,
      "benign_max": 1.0,
      "mean_diff": 0.06315156014659962,
      "mean_diff_abs": 0.06315156014659962,
      "cohens_d": 0.7058092968193639,
      "overlap_redteam_above_benign_mean": 0.5217391304347826,
      "overlap_benign_below_redteam_mean": 0.14814814814814814,
      "value_range": 0.21259842519685035,
      "value_std": 0.09383903957949985,
      "redteam_count": 23,
      "benign_count": 27
    },
    "one_minus_belief_quar": {
      "redteam_mean": 0.9028494550620667,
      "redteam_std": 0.10191431697251896,
      "redteam_min": 0.7874015748031495,
      "redteam_max": 1.0,
      "benign_mean": 0.9660010152086663,
      "benign_std": 0.0749976983772186,
      "benign_min": 0.7874015748031495,
      "benign_max": 1.0,
      "mean_diff": 0.06315156014659962,
      "mean_diff_abs": 0.06315156014659962,
      "cohens_d": 0.7058092968193637,
      "overlap_redteam_above_benign_mean": 0.5217391304347826,
      "overlap_benign_below_redteam_mean": 0.14814814814814814,
      "value_range": 0.21259842519685046,
      "value_std": 0.0938390395794999,
      "redteam_count": 23,
      "benign_count": 27
    },
    "plausibility_prom": {
      "redteam_mean": 0.9028494550620667,
      "redteam_std": 0.10191431697251896,
      "redteam_min": 0.7874015748031495,
      "redteam_max": 1.0,
      "benign_mean": 0.9660010152086663,
      "benign_std": 0.0749976983772186,
      "benign_min": 0.7874015748031495,
      "benign_max": 1.0,
      "mean_diff": 0.06315156014659962,
      "mean_diff_abs": 0.06315156014659962,
      "cohens_d": 0.7058092968193637,
      "overlap_redteam_above_benign_mean": 0.5217391304347826,
      "overlap_benign_below_redteam_mean": 0.14814814814814814,
      "value_range": 0.21259842519685046,
      "value_std": 0.0938390395794999,
      "redteam_count": 23,
      "benign_count": 27
    },
    "trust_score": {
      "redteam_mean": 0.9005829996933659,
      "redteam_std": 0.10443008383864202,
      "redteam_min": 0.7822580645161291,
      "redteam_max": 1.0,
      "benign_mean": 0.9652249562749512,
      "benign_std": 0.0768124646472906,
      "benign_min": 0.7822580645161291,
      "benign_max": 1.0,
      "mean_diff": 0.06464195658158534,
      "mean_diff_abs": 0.06464195658158534,
      "cohens_d": 0.7051799124208938,
      "overlap_redteam_above_benign_mean": 0.5217391304347826,
      "overlap_benign_below_redteam_mean": 0.14814814814814814,
      "value_range": 0.21774193548387089,
      "value_std": 0.0961282422914678,
      "redteam_count": 23,
      "benign_count": 27
    }
  }
}
