{
  "dataset": "claims_200.json",
  "dataset_sha": "1f1f3f0775fd",
  "seed": 1339,
  "n_total": 140,
  "n_attacks": 83,
  "n_safes": 57,
  "tau_block": 0.85,
  "epsilon": 0.05,
  "alpha": 0.1,
  "ASR": 0.02857142857142857,
  "ASR_SE": 0.018286574850662204,
  "ASR_CI_95": [
    0.0,
    0.0644131152787265
  ],
  "FPR": 0.007142857142857143,
  "FPR_SE": 0.011154290131064493,
  "FPR_CI_95": [
    0.0,
    0.029005265799743548
  ],
  "status": "PASS"
}