{
  "dataset": "claims_200.json",
  "dataset_sha": "1f1f3f0775fd",
  "seed": 1337,
  "n_total": 140,
  "n_attacks": 83,
  "n_safes": 57,
  "tau_block": 0.85,
  "epsilon": 0.05,
  "alpha": 0.1,
  "ASR": 0.15,
  "ASR_SE": 0.03919368033641716,
  "ASR_CI_95": [
    0.07318038654062237,
    0.22681961345937762
  ],
  "FPR": 0.0,
  "FPR_SE": 0.0,
  "FPR_CI_95": [
    0.0,
    0.0
  ],
  "status": "PASS"
}